name,symbol,price,sector,risk,description,graph
"Tesla, Inc.",TSLA,235.45,Technology,5,"Tesla, Inc. is an innovative electric vehicle company known for its cutting-edge technology and sustainable transportation solutions. The stock could be a good buy for tech enthusiasts and long-term investors willing to take on higher volatility. The market price is $235.45 (as of November 25, 2023).",
Adobe Inc.,ADBE,619.43,Technology,3,"Adobe Inc. is a pioneering software company known for its digital media and marketing solutions. It is widely for its suite of creative software, including Photoshop, Illustrator, and Premiere Pro. This stock might appeal to tech enthusiasts, creative professionals, and long-term investors. The market price is $619.43 (as of November 25, 2023).",
Apple Inc.,AAPL,189.97,Technology,2,"Apple Inc. is a global technology company known for its hardware, software, and other consumer electronics, such as the Apple Watch and Airpods. The stock could be a good buy for tech enthusiasts, growth investors, and those seeking more stability over risk. The market price is $189.97 (as of November 25, 2023).",
Microsoft Corporation,MSFT,377.43,Technology,2,"Microsoft Corporation is a global technology company known for its hardware, software, and cloud computing solutions. It is widely recognized for its products such as Windows, Office Suite, and Azure cloud services. This stock might appeal to tech enthusiasts, growth investors, and those seeking more stability. The market price is $377.43 (as of November 25, 2023). ",
Moderna Inc.,MRNA,78.52,Healthcare,5,"Moderna Inc. is a leading biotechnology company known for its contributions for the field of mRNA technology and the development of a highly effective COVID-19 vaccination. The stock would be a good buy for those looking to invest long term. The market price is $78.52 (as of November 25, 2023).","(2019, 20.36), (2020, 152.74), (2021, 352.43), (2022, 175.91), (2023 78.52) "
Pfizer Inc.,PFE,30.50,Healthcare,3,"Pfizer Inc. is a globally recognized pharmaceutical company with a diverse portfolio spanning areas such as immunology, oncology, and cardiovascular health. This stock would appeal to investors seeking steady growth and resilience. The market price is $30.50 (as of November 25, 2023).",
Johnson & Johnson,JNJ,152.50,Healthcare,1,"Johnson & Johnson is a renowned multinational healthcare and pharmaceutical conglomerate with a diverse range of products. This stock would be a good buy for those seeking stability and a strong dividend history.  The market price is $152.50 as of November 25, 2023).","(2019, 123.47), (2020, 133.46), (2021, 147.46), (2022, 172.76), (2023, 152.50) "
Block Inc.,SQ,59.65,Finance,4,"Block Inc. is a leading fintech company known for its innovative blockchain-based solutions, offering a range of services including cryptocurrency trading, digital wallets, and blockchain technology development. The stock would be a good investment for those interested in the intersection of technology and finance. The market price is $59.65 (as of November 25, 2023).","(2019, 69.12), (2020, 210.96), (2021, 208.33), (2022, 67.77), (2023, (59.65) "
PayPal Holdings Inc.,PYPL,55.76,Finance,3,"PayPal Holdings Inc. is a global leader in the realm of digital payments, providing users a range of online financial services to send and receive money seamlessly. even internationally. The stock would be a good buy for those interested in e-commerce growth and interested in fintech. The market price is $55.76 (as of November 25, 2023).","(2019, 108.01), (2020, 214.12), (2021, 184.89), (2022, 78.41), (2023, 55.76)"
Bank of America Corporation,BAC,29.73,Finance,3,"Bank of America Corporation is a prominent financial institution with an extensive range of offerings, including retail banking, asset management, and investment banking. This stock would appeal to investors interested in stability and potential slow but steady growth in the financial sector. The market price is $29.73 (as of November 25, 2023).",
e.l.f. Beauty Inc.,ELF,114.38,Consumer Staples,4,"e.l.f. Beauty Inc. is a beauty company recognized for its high quality but affordable cosmetics and skincare products. The company also is committed to cruelty-free and vegan-friendly formulations aligning to growing demand for sustainable beauty options. This stock would potentially appeal to those interested in considering trends in ethical consumerism. The market price is $114.38 (as of November 25, 2023).",
Costco Wholesale Corporation,COST,591.36,Consumer Staples,1,"Costco Wholesale Corporation is a well known retail giant known for its unique business model and international warehouses. The company's membership model also fosters customer-loyalty and a sense of exclusivity. The stock would be a good buy for those seeking stability and resilience in the retail sector. The market price is $591.36 (as of November 25, 2023).",
PepsiCo Inc.,PEP,169.37,Consumer Staples,2,"PepsiCo Inc. is a food and beverage company known for its diversified product portfolio. The company also possess a commitment to innovation, sustainability and meeting consumer preferences. The stock would be a good buy for investors seeking stability and dividend income. The market price is $169.37 (as of November 25, 2023).",
"Meta Platforms, Inc. ",META,338.23,Communication,4,"Meta Platforms, Inc. is a leading technology and communications company which has played a pivotal role in shaping the social media landscape. Its flagship social networking platforms including Facebook, Instagram, WhatsApp, and Oculus. This stock could appeal to investors seeking growth and a long-term perspective in the future of digital connectivity. The market price is $338.23 (as of November 25, 2023).",
Spotify Technology S.A.,SPOT,181.70,Communication,4,"Spotify Technology S.A. is a global leader in the digital music streaming industry. The user friendly platform provides users with an extensive library of songs, podcasts, and other audio content. The stock would appeal to growth-oriented investors. The market price is $181.70 (as of November 25, 2023).",
AT&T Inc.,T,16.21,Communication ,3,"AT&T Inc. is a telecommunications and media company with a significant global presence. The company is known for its services such as wireless communications, broadband, satellite television, and media content through its acquisition of Warner Media. The stock could be a good buy for investors seeking stability, divide income, and income-oriented investors. The market price is $16.21 (as of November 25, 2023).",